{
    "accuracy": 0.55,
    "f1": 0.4357366771159875,
    "precision": 0.763157894736842,
    "recall": 0.55,
    "precision_per_class": {
        "0": 0.5263157894736842,
        "1": 1.0
    },
    "recall_per_class": {
        "0": 1.0,
        "1": 0.1
    },
    "f1_per_class": {
        "0": 0.6896551724137931,
        "1": 0.18181818181818182
    }
}