{
    "accuracy": 0.9865,
    "f1": 0.9864905129627282,
    "precision": 0.9865611979674906,
    "recall": 0.9864321849385246,
    "precision_per_class": {
        "0": 0.9844509232264335,
        "1": 0.9886714727085479
    },
    "recall_per_class": {
        "0": 0.9892578125,
        "1": 0.9836065573770492
    },
    "f1_per_class": {
        "0": 0.9868485143692158,
        "1": 0.9861325115562404
    }
}